estudiante_email,empresa_nombre,score_requisitos,score_atractivo,score_final,desglose,estado,fecha_match
mariana.ccallo4@gmail.com,Sanna Digital,36.0,88.69,57.07,"{""habilidades"": 0.0, ""experiencia"": 100.0, ""carrera"": 30.0, ""ubicacion"": 49.4, ""disponibilidad"": 74.9}",generado,2025-12-25 03:42:09
claudia.mamani1@gmail.com,Wunderman Thompson PE,46.0,86.15,62.06,"{""habilidades"": 20.0, ""experiencia"": 100.0, ""carrera"": 30.0, ""ubicacion"": 62.1, ""disponibilidad"": 82.0}",generado,2026-02-17 03:42:09
pedro.medina47@gmail.com,Scotiabank Peru,36.0,74.79,51.52,"{""habilidades"": 0.0, ""experiencia"": 100.0, ""carrera"": 30.0, ""ubicacion"": 97.3, ""disponibilidad"": 58.0}",generado,2026-01-08 03:42:09
fernanda.rivera57@gmail.com,Yape Developers,36.0,78.97,53.19,"{""habilidades"": 0.0, ""experiencia"": 100.0, ""carrera"": 30.0, ""ubicacion"": 57.2, ""disponibilidad"": 65.4}",generado,2026-01-22 03:42:09
claudia.medina72@gmail.com,Aprende Institute,48.5,94.05,66.72,"{""habilidades"": 25.0, ""experiencia"": 100.0, ""carrera"": 30.0, ""ubicacion"": 82.4, ""disponibilidad"": 52.6}",generado,2026-01-15 03:42:09
raúl.pérez91@gmail.com,Manpower Peru,36.0,66.44,48.18,"{""habilidades"": 0.0, ""experiencia"": 100.0, ""carrera"": 30.0, ""ubicacion"": 66.7, ""disponibilidad"": 96.3}",generado,2026-02-13 03:42:09
luis.cruz66@gmail.com,Havas Media Peru,36.0,74.73,51.49,"{""habilidades"": 0.0, ""experiencia"": 100.0, ""carrera"": 30.0, ""ubicacion"": 57.9, ""disponibilidad"": 67.0}",generado,2026-02-15 03:42:09
miguel.díaz30@gmail.com,Konfío Peru,36.0,67.02,48.41,"{""habilidades"": 0.0, ""experiencia"": 100.0, ""carrera"": 30.0, ""ubicacion"": 40.8, ""disponibilidad"": 89.6}",generado,2026-02-04 03:42:09
ximena.apaza41@gmail.com,EY Peru,86.0,78.33,82.93,"{""habilidades"": 100.0, ""experiencia"": 100.0, ""carrera"": 30.0, ""ubicacion"": 64.8, ""disponibilidad"": 99.0}",generado,2025-12-30 03:42:09
sergio.salazar2@gmail.com,Telemed Peru,21.0,86.5,47.2,"{""habilidades"": 0.0, ""experiencia"": 50.0, ""carrera"": 30.0, ""ubicacion"": 98.9, ""disponibilidad"": 50.5}",generado,2026-02-15 03:42:09
ximena.ramos1@gmail.com,Rimac Digital,36.0,87.73,56.69,"{""habilidades"": 0.0, ""experiencia"": 100.0, ""carrera"": 30.0, ""ubicacion"": 61.0, ""disponibilidad"": 55.2}",generado,2026-01-24 03:42:09
guillermo.salazar70@gmail.com,Circus Grey Lima,62.5,70.54,65.72,"{""habilidades"": 25.0, ""experiencia"": 100.0, ""carrera"": 100.0, ""ubicacion"": 91.6, ""disponibilidad"": 93.2}",generado,2026-02-08 03:42:09
carlos.lópez28@gmail.com,Aprende Institute,62.5,56.89,60.26,"{""habilidades"": 25.0, ""experiencia"": 100.0, ""carrera"": 100.0, ""ubicacion"": 85.2, ""disponibilidad"": 92.4}",generado,2026-01-26 03:42:09
claudia.mamani1@gmail.com,Circus Grey Lima,48.5,76.65,59.76,"{""habilidades"": 25.0, ""experiencia"": 100.0, ""carrera"": 30.0, ""ubicacion"": 99.6, ""disponibilidad"": 73.7}",generado,2026-01-19 03:42:09
luis.cruz66@gmail.com,Adecco Peru,46.0,63.53,53.01,"{""habilidades"": 50.0, ""experiencia"": 50.0, ""carrera"": 30.0, ""ubicacion"": 53.3, ""disponibilidad"": 95.1}",generado,2025-12-26 03:42:09
antonio.ruiz87@gmail.com,Falabella Peru Tech,52.67,91.48,68.19,"{""habilidades"": 33.3, ""experiencia"": 100.0, ""carrera"": 30.0, ""ubicacion"": 75.2, ""disponibilidad"": 85.6}",generado,2026-02-04 03:42:09
fernanda.rivera57@gmail.com,Datalab Lima,66.67,84.6,73.84,"{""habilidades"": 33.3, ""experiencia"": 100.0, ""carrera"": 100.0, ""ubicacion"": 56.6, ""disponibilidad"": 86.0}",generado,2026-01-04 03:42:09
sergio.condori44@gmail.com,Crehana Business,13.5,86.26,42.6,"{""habilidades"": 0.0, ""experiencia"": 25.0, ""carrera"": 30.0, ""ubicacion"": 55.2, ""disponibilidad"": 97.1}",generado,2025-12-25 03:42:09
bruno.apaza53@gmail.com,Datalab Lima,22.67,91.57,50.23,"{""habilidades"": 33.3, ""experiencia"": 0.0, ""carrera"": 30.0, ""ubicacion"": 44.0, ""disponibilidad"": 97.1}",generado,2026-01-09 03:42:09
beatriz.lópez94@gmail.com,KPMG Perú,36.0,56.29,44.11,"{""habilidades"": 0.0, ""experiencia"": 100.0, ""carrera"": 30.0, ""ubicacion"": 90.4, ""disponibilidad"": 55.8}",generado,2026-02-01 03:42:09
juan.álvarez85@gmail.com,Tribal DDB Peru,36.0,84.29,55.32,"{""habilidades"": 0.0, ""experiencia"": 100.0, ""carrera"": 30.0, ""ubicacion"": 41.0, ""disponibilidad"": 92.1}",generado,2026-01-13 03:42:09
claudia.villanueva84@gmail.com,Aprende Institute,48.5,81.5,61.7,"{""habilidades"": 25.0, ""experiencia"": 100.0, ""carrera"": 30.0, ""ubicacion"": 41.2, ""disponibilidad"": 98.6}",generado,2026-01-15 03:42:09
sergio.quispe43@gmail.com,Falabella Peru Tech,52.67,67.44,58.58,"{""habilidades"": 33.3, ""experiencia"": 100.0, ""carrera"": 30.0, ""ubicacion"": 44.5, ""disponibilidad"": 55.6}",generado,2026-01-26 03:42:09
carlos.lópez28@gmail.com,Telemed Peru,50.0,69.29,57.72,"{""habilidades"": 0.0, ""experiencia"": 100.0, ""carrera"": 100.0, ""ubicacion"": 77.0, ""disponibilidad"": 64.9}",generado,2026-01-02 03:42:09
fiorella.romero64@gmail.com,EY Peru,100.0,87.92,95.17,"{""habilidades"": 100.0, ""experiencia"": 100.0, ""carrera"": 100.0, ""ubicacion"": 97.9, ""disponibilidad"": 80.5}",generado,2026-01-03 03:42:09
andrés.palomino31@gmail.com,AI Andina SAC,36.0,85.88,55.95,"{""habilidades"": 0.0, ""experiencia"": 100.0, ""carrera"": 30.0, ""ubicacion"": 62.7, ""disponibilidad"": 55.1}",generado,2026-01-19 03:42:09
enrique.mendoza10@gmail.com,Auna Salud Digital,6.0,89.88,39.55,"{""habilidades"": 0.0, ""experiencia"": 0.0, ""carrera"": 30.0, ""ubicacion"": 64.5, ""disponibilidad"": 57.7}",generado,2026-01-15 03:42:09
fernando.reyes48@gmail.com,Aprende Institute,48.5,70.99,57.5,"{""habilidades"": 25.0, ""experiencia"": 100.0, ""carrera"": 30.0, ""ubicacion"": 41.7, ""disponibilidad"": 95.6}",generado,2026-02-15 03:42:09
sergio.condori44@gmail.com,Syscom Peru SAC,13.5,87.17,42.97,"{""habilidades"": 0.0, ""experiencia"": 25.0, ""carrera"": 30.0, ""ubicacion"": 71.0, ""disponibilidad"": 74.3}",generado,2025-12-28 03:42:09
bruno.ccallo34@gmail.com,Laboratoria Lima,36.0,56.53,44.21,"{""habilidades"": 0.0, ""experiencia"": 100.0, ""carrera"": 30.0, ""ubicacion"": 70.8, ""disponibilidad"": 69.4}",generado,2026-01-01 03:42:09
patricia.castro36@gmail.com,Infinito Estudio,6.0,83.43,36.97,"{""habilidades"": 0.0, ""experiencia"": 0.0, ""carrera"": 30.0, ""ubicacion"": 67.3, ""disponibilidad"": 59.2}",generado,2026-01-28 03:42:09
pedro.medina47@gmail.com,Entel Tech Peru,36.0,74.59,51.43,"{""habilidades"": 0.0, ""experiencia"": 100.0, ""carrera"": 30.0, ""ubicacion"": 55.7, ""disponibilidad"": 51.2}",generado,2026-01-31 03:42:09
renato.mendoza26@gmail.com,Interbank Tech,75.0,77.34,75.93,"{""habilidades"": 50.0, ""experiencia"": 100.0, ""carrera"": 100.0, ""ubicacion"": 61.5, ""disponibilidad"": 85.8}",generado,2026-01-27 03:42:09
beatriz.lópez94@gmail.com,Havas Media Peru,36.0,80.57,53.83,"{""habilidades"": 0.0, ""experiencia"": 100.0, ""carrera"": 30.0, ""ubicacion"": 98.8, ""disponibilidad"": 93.4}",generado,2026-01-19 03:42:09
carlos.lópez66@gmail.com,Entel Tech Peru,36.0,81.81,54.33,"{""habilidades"": 0.0, ""experiencia"": 100.0, ""carrera"": 30.0, ""ubicacion"": 94.0, ""disponibilidad"": 84.1}",generado,2025-12-26 03:42:09
ximena.ramos1@gmail.com,Auna Salud Digital,36.0,73.52,51.01,"{""habilidades"": 0.0, ""experiencia"": 100.0, ""carrera"": 30.0, ""ubicacion"": 61.2, ""disponibilidad"": 82.8}",generado,2026-01-19 03:42:09
antonio.quispe80@gmail.com,Ransa Comercial,21.0,85.36,46.74,"{""habilidades"": 0.0, ""experiencia"": 50.0, ""carrera"": 30.0, ""ubicacion"": 45.7, ""disponibilidad"": 63.9}",generado,2026-02-07 03:42:09
laura.ramos61@gmail.com,Ransa Comercial,26.0,74.29,45.32,"{""habilidades"": 25.0, ""experiencia"": 25.0, ""carrera"": 30.0, ""ubicacion"": 75.2, ""disponibilidad"": 99.3}",generado,2026-01-11 03:42:09
luis.cruz66@gmail.com,Deloitte Lima,73.5,71.72,72.79,"{""habilidades"": 75.0, ""experiencia"": 100.0, ""carrera"": 30.0, ""ubicacion"": 47.1, ""disponibilidad"": 92.5}",generado,2026-02-16 03:42:09
isabel.lópez44@gmail.com,McKinsey Lima,36.0,93.49,58.99,"{""habilidades"": 0.0, ""experiencia"": 100.0, ""carrera"": 30.0, ""ubicacion"": 58.4, ""disponibilidad"": 71.9}",generado,2026-02-19 03:42:09
pedro.rodríguez35@gmail.com,Wunderman Thompson PE,36.0,90.19,57.68,"{""habilidades"": 0.0, ""experiencia"": 100.0, ""carrera"": 30.0, ""ubicacion"": 48.4, ""disponibilidad"": 95.0}",generado,2026-02-13 03:42:09
roberto.ccallo21@gmail.com,Predictiva Analytics,52.67,51.92,52.37,"{""habilidades"": 33.3, ""experiencia"": 100.0, ""carrera"": 30.0, ""ubicacion"": 40.6, ""disponibilidad"": 99.1}",generado,2026-01-16 03:42:09
elena.huanca71@gmail.com,Ripley Digital,48.5,67.85,56.24,"{""habilidades"": 25.0, ""experiencia"": 100.0, ""carrera"": 30.0, ""ubicacion"": 68.2, ""disponibilidad"": 89.5}",generado,2026-01-03 03:42:09
isabel.lópez44@gmail.com,BCP Tecnología,70.0,52.39,62.96,"{""habilidades"": 40.0, ""experiencia"": 100.0, ""carrera"": 100.0, ""ubicacion"": 71.4, ""disponibilidad"": 56.5}",generado,2026-01-24 03:42:09
raúl.reyes81@gmail.com,Credicorp Capital,56.0,60.9,57.96,"{""habilidades"": 100.0, ""experiencia"": 0.0, ""carrera"": 30.0, ""ubicacion"": 83.0, ""disponibilidad"": 98.5}",generado,2026-01-30 03:42:09
guillermo.salazar70@gmail.com,Tribal DDB Peru,60.0,81.41,68.56,"{""habilidades"": 20.0, ""experiencia"": 100.0, ""carrera"": 100.0, ""ubicacion"": 73.7, ""disponibilidad"": 64.1}",generado,2026-02-05 03:42:09
ricardo.ramos87@gmail.com,InkaCode Labs,36.0,71.49,50.2,"{""habilidades"": 0.0, ""experiencia"": 100.0, ""carrera"": 30.0, ""ubicacion"": 74.3, ""disponibilidad"": 75.2}",generado,2026-01-19 03:42:09
andrea.flores83@gmail.com,Interbank Tech,36.0,68.36,48.94,"{""habilidades"": 0.0, ""experiencia"": 100.0, ""carrera"": 30.0, ""ubicacion"": 68.7, ""disponibilidad"": 84.0}",generado,2026-02-17 03:42:09
fernando.reyes48@gmail.com,Falabella Peru Tech,69.33,89.65,77.46,"{""habilidades"": 66.7, ""experiencia"": 100.0, ""carrera"": 30.0, ""ubicacion"": 73.1, ""disponibilidad"": 91.1}",generado,2026-01-10 03:42:09
juliana.mamani54@gmail.com,Credicorp Capital,85.0,54.22,72.69,"{""habilidades"": 100.0, ""experiencia"": 50.0, ""carrera"": 100.0, ""ubicacion"": 46.4, ""disponibilidad"": 92.8}",generado,2026-01-12 03:42:09
fernando.reyes48@gmail.com,Analytics Peru,36.0,76.54,52.22,"{""habilidades"": 0.0, ""experiencia"": 100.0, ""carrera"": 30.0, ""ubicacion"": 43.4, ""disponibilidad"": 85.0}",generado,2026-02-13 03:42:09
raúl.pérez91@gmail.com,DHL Supply Chain Peru,36.0,69.04,49.22,"{""habilidades"": 0.0, ""experiencia"": 100.0, ""carrera"": 30.0, ""ubicacion"": 58.0, ""disponibilidad"": 50.8}",generado,2026-01-01 03:42:09
sofía.carpio96@gmail.com,Auna Digital,75.0,71.4,73.56,"{""habilidades"": 50.0, ""experiencia"": 100.0, ""carrera"": 100.0, ""ubicacion"": 71.8, ""disponibilidad"": 63.1}",generado,2026-01-24 03:42:09
sergio.condori46@gmail.com,McKinsey Lima,61.0,87.2,71.48,"{""habilidades"": 50.0, ""experiencia"": 100.0, ""carrera"": 30.0, ""ubicacion"": 64.1, ""disponibilidad"": 88.0}",generado,2026-02-08 03:42:09
sergio.sánchez60@gmail.com,Circus Grey Lima,6.0,76.67,34.27,"{""habilidades"": 0.0, ""experiencia"": 0.0, ""carrera"": 30.0, ""ubicacion"": 81.9, ""disponibilidad"": 55.6}",generado,2025-12-31 03:42:09
elena.huanca71@gmail.com,Deloitte Lima,73.5,63.12,69.35,"{""habilidades"": 75.0, ""experiencia"": 100.0, ""carrera"": 30.0, ""ubicacion"": 66.1, ""disponibilidad"": 59.9}",generado,2026-01-29 03:42:09
sergio.vargas79@gmail.com,KPMG Perú,100.0,59.82,83.93,"{""habilidades"": 100.0, ""experiencia"": 100.0, ""carrera"": 100.0, ""ubicacion"": 68.6, ""disponibilidad"": 71.1}",generado,2025-12-24 03:42:09
juliana.mamani54@gmail.com,Compartamos Financiera,100.0,51.34,80.54,"{""habilidades"": 100.0, ""experiencia"": 100.0, ""carrera"": 100.0, ""ubicacion"": 64.7, ""disponibilidad"": 54.6}",generado,2026-01-18 03:42:09
carlos.lópez66@gmail.com,Analytics Peru,46.0,75.17,57.67,"{""habilidades"": 20.0, ""experiencia"": 100.0, ""carrera"": 30.0, ""ubicacion"": 48.5, ""disponibilidad"": 51.3}",generado,2026-01-15 03:42:09
enrique.mendoza10@gmail.com,AI Andina SAC,36.0,68.14,48.85,"{""habilidades"": 0.0, ""experiencia"": 100.0, ""carrera"": 30.0, ""ubicacion"": 83.0, ""disponibilidad"": 95.3}",generado,2026-01-03 03:42:09
isabel.lópez44@gmail.com,McCann Lima,36.0,63.62,47.05,"{""habilidades"": 0.0, ""experiencia"": 100.0, ""carrera"": 30.0, ""ubicacion"": 64.0, ""disponibilidad"": 75.4}",generado,2026-01-03 03:42:09
guillermo.salazar70@gmail.com,Renta4 Perú,36.0,63.37,46.95,"{""habilidades"": 0.0, ""experiencia"": 100.0, ""carrera"": 30.0, ""ubicacion"": 60.4, ""disponibilidad"": 95.2}",generado,2026-02-01 03:42:09
raúl.ccallo2@gmail.com,Datum Inteligencia,36.0,68.1,48.84,"{""habilidades"": 0.0, ""experiencia"": 100.0, ""carrera"": 30.0, ""ubicacion"": 82.5, ""disponibilidad"": 85.6}",generado,2026-01-20 03:42:09
pedro.medina47@gmail.com,Sanna Digital,36.0,53.3,42.92,"{""habilidades"": 0.0, ""experiencia"": 100.0, ""carrera"": 30.0, ""ubicacion"": 95.3, ""disponibilidad"": 52.1}",generado,2026-02-16 03:42:09
óscar.lópez16@gmail.com,Syscom Peru SAC,26.0,66.92,42.37,"{""habilidades"": 25.0, ""experiencia"": 25.0, ""carrera"": 30.0, ""ubicacion"": 42.3, ""disponibilidad"": 98.7}",generado,2026-01-07 03:42:09
renato.romero89@gmail.com,GH Supply Peru,36.0,50.0,41.6,"{""habilidades"": 0.0, ""experiencia"": 100.0, ""carrera"": 30.0, ""ubicacion"": 93.7, ""disponibilidad"": 74.5}",generado,2026-01-31 03:42:09
patricia.chávez45@gmail.com,Havas Media Peru,75.0,60.81,69.33,"{""habilidades"": 50.0, ""experiencia"": 100.0, ""carrera"": 100.0, ""ubicacion"": 72.8, ""disponibilidad"": 63.4}",generado,2026-02-01 03:42:09
francisco.paredes79@gmail.com,Nubelo Solutions SAC,6.0,93.69,41.08,"{""habilidades"": 0.0, ""experiencia"": 0.0, ""carrera"": 30.0, ""ubicacion"": 43.5, ""disponibilidad"": 98.7}",generado,2026-01-22 03:42:09
renato.romero89@gmail.com,Sanna Digital,66.67,59.54,63.81,"{""habilidades"": 33.3, ""experiencia"": 100.0, ""carrera"": 100.0, ""ubicacion"": 63.2, ""disponibilidad"": 93.0}",generado,2026-02-18 03:42:09
alessandra.ccallo91@gmail.com,Nubelo Solutions SAC,20.0,64.68,37.87,"{""habilidades"": 0.0, ""experiencia"": 0.0, ""carrera"": 100.0, ""ubicacion"": 50.8, ""disponibilidad"": 94.2}",generado,2026-01-31 03:42:09
carlos.aguilar72@gmail.com,Ripley Digital,36.0,62.71,46.68,"{""habilidades"": 0.0, ""experiencia"": 100.0, ""carrera"": 30.0, ""ubicacion"": 56.7, ""disponibilidad"": 78.3}",generado,2025-12-26 03:42:09
ana.apaza78@gmail.com,Entel Tech Peru,61.0,66.63,63.25,"{""habilidades"": 50.0, ""experiencia"": 100.0, ""carrera"": 30.0, ""ubicacion"": 59.3, ""disponibilidad"": 72.0}",generado,2026-01-09 03:42:09
ricardo.apaza77@gmail.com,Tribal DDB Peru,36.0,73.91,51.17,"{""habilidades"": 0.0, ""experiencia"": 100.0, ""carrera"": 30.0, ""ubicacion"": 66.6, ""disponibilidad"": 66.0}",generado,2026-02-05 03:42:09
claudia.medina72@gmail.com,InRetail Analytics,38.5,67.71,50.18,"{""habilidades"": 50.0, ""experiencia"": 25.0, ""carrera"": 30.0, ""ubicacion"": 69.1, ""disponibilidad"": 74.2}",generado,2026-02-21 03:42:09
patricia.castro36@gmail.com,McCann Lima,6.0,61.58,28.23,"{""habilidades"": 0.0, ""experiencia"": 0.0, ""carrera"": 30.0, ""ubicacion"": 49.4, ""disponibilidad"": 93.2}",generado,2026-02-04 03:42:09
pablo.hernández76@gmail.com,InRetail Analytics,61.0,76.14,67.06,"{""habilidades"": 50.0, ""experiencia"": 100.0, ""carrera"": 30.0, ""ubicacion"": 44.9, ""disponibilidad"": 70.9}",generado,2026-01-26 03:42:09
patricia.castro36@gmail.com,InkaCode Labs,36.0,69.34,49.34,"{""habilidades"": 0.0, ""experiencia"": 100.0, ""carrera"": 30.0, ""ubicacion"": 82.6, ""disponibilidad"": 96.4}",generado,2026-01-10 03:42:09
carolina.hernández17@gmail.com,Syscom Peru SAC,33.5,61.69,44.78,"{""habilidades"": 25.0, ""experiencia"": 50.0, ""carrera"": 30.0, ""ubicacion"": 86.2, ""disponibilidad"": 51.1}",generado,2026-01-31 03:42:09
fiorella.romero64@gmail.com,McCann Lima,36.0,76.08,52.03,"{""habilidades"": 0.0, ""experiencia"": 100.0, ""carrera"": 30.0, ""ubicacion"": 41.6, ""disponibilidad"": 76.5}",generado,2026-02-19 03:42:09
carlos.lópez66@gmail.com,Wunderman Thompson PE,36.0,70.07,49.63,"{""habilidades"": 0.0, ""experiencia"": 100.0, ""carrera"": 30.0, ""ubicacion"": 68.3, ""disponibilidad"": 88.8}",generado,2026-01-10 03:42:09
diego.ccallo42@gmail.com,Datum Inteligencia,36.0,70.09,49.64,"{""habilidades"": 0.0, ""experiencia"": 100.0, ""carrera"": 30.0, ""ubicacion"": 97.9, ""disponibilidad"": 81.5}",generado,2026-01-05 03:42:09
manuel.pérez62@gmail.com,Scotiabank Peru,75.0,86.55,79.62,"{""habilidades"": 50.0, ""experiencia"": 100.0, ""carrera"": 100.0, ""ubicacion"": 70.0, ""disponibilidad"": 50.5}",generado,2025-12-27 03:42:09
francisco.quispe63@gmail.com,Konfío Peru,61.0,91.79,73.32,"{""habilidades"": 50.0, ""experiencia"": 100.0, ""carrera"": 30.0, ""ubicacion"": 93.5, ""disponibilidad"": 65.6}",generado,2026-02-12 03:42:09
jorge.cruz13@gmail.com,Crehana Business,33.5,89.37,55.85,"{""habilidades"": 25.0, ""experiencia"": 50.0, ""carrera"": 30.0, ""ubicacion"": 70.1, ""disponibilidad"": 57.8}",generado,2026-02-04 03:42:09
renato.romero89@gmail.com,Syscom Peru SAC,45.0,75.59,57.24,"{""habilidades"": 50.0, ""experiencia"": 0.0, ""carrera"": 100.0, ""ubicacion"": 56.8, ""disponibilidad"": 74.1}",generado,2026-02-10 03:42:09
sergio.sánchez60@gmail.com,BCP Tecnología,36.0,74.95,51.58,"{""habilidades"": 0.0, ""experiencia"": 100.0, ""carrera"": 30.0, ""ubicacion"": 73.9, ""disponibilidad"": 96.4}",generado,2025-12-31 03:42:09
carolina.hernández17@gmail.com,AI Andina SAC,100.0,61.89,84.75,"{""habilidades"": 100.0, ""experiencia"": 100.0, ""carrera"": 100.0, ""ubicacion"": 42.0, ""disponibilidad"": 90.5}",generado,2026-01-21 03:42:09
claudia.jiménez11@gmail.com,Scotiabank Peru,56.0,80.66,65.86,"{""habilidades"": 100.0, ""experiencia"": 0.0, ""carrera"": 30.0, ""ubicacion"": 57.3, ""disponibilidad"": 80.0}",generado,2025-12-30 03:42:09
alejandro.romero93@gmail.com,McKinsey Lima,86.0,54.09,73.24,"{""habilidades"": 100.0, ""experiencia"": 100.0, ""carrera"": 30.0, ""ubicacion"": 86.7, ""disponibilidad"": 80.8}",generado,2026-02-02 03:42:09
jorge.cruz13@gmail.com,Sanna Digital,52.67,67.85,58.74,"{""habilidades"": 33.3, ""experiencia"": 100.0, ""carrera"": 30.0, ""ubicacion"": 56.8, ""disponibilidad"": 85.8}",generado,2026-02-11 03:42:09
ana.apaza78@gmail.com,Compartamos Financiera,45.0,92.94,64.17,"{""habilidades"": 50.0, ""experiencia"": 0.0, ""carrera"": 100.0, ""ubicacion"": 92.2, ""disponibilidad"": 79.9}",generado,2026-01-12 03:42:09
renzo.villanueva86@gmail.com,InRetail Analytics,61.0,75.98,66.99,"{""habilidades"": 50.0, ""experiencia"": 100.0, ""carrera"": 30.0, ""ubicacion"": 68.4, ""disponibilidad"": 83.4}",generado,2026-01-30 03:42:09
manuel.pérez62@gmail.com,EY Peru,50.0,50.18,50.07,"{""habilidades"": 0.0, ""experiencia"": 100.0, ""carrera"": 100.0, ""ubicacion"": 61.1, ""disponibilidad"": 76.7}",generado,2026-01-12 03:42:09
roberto.gómez52@gmail.com,Linio Peru,6.0,78.46,34.99,"{""habilidades"": 0.0, ""experiencia"": 0.0, ""carrera"": 30.0, ""ubicacion"": 99.4, ""disponibilidad"": 93.5}",generado,2026-01-30 03:42:09
carolina.hernández17@gmail.com,Scotiabank Peru,86.0,80.5,83.8,"{""habilidades"": 100.0, ""experiencia"": 100.0, ""carrera"": 30.0, ""ubicacion"": 44.2, ""disponibilidad"": 57.9}",generado,2026-02-09 03:42:09
antonio.aguilar54@gmail.com,Falabella Peru Tech,69.33,88.42,76.97,"{""habilidades"": 66.7, ""experiencia"": 100.0, ""carrera"": 30.0, ""ubicacion"": 44.6, ""disponibilidad"": 74.5}",generado,2026-02-07 03:42:09
sergio.condori44@gmail.com,Auna Digital,36.0,51.1,42.04,"{""habilidades"": 0.0, ""experiencia"": 100.0, ""carrera"": 30.0, ""ubicacion"": 82.7, ""disponibilidad"": 83.5}",generado,2026-02-16 03:42:09
sergio.vargas79@gmail.com,Adecco Peru,63.5,79.48,69.89,"{""habilidades"": 100.0, ""experiencia"": 25.0, ""carrera"": 30.0, ""ubicacion"": 41.7, ""disponibilidad"": 66.4}",generado,2025-12-29 03:42:09
claudia.villanueva84@gmail.com,Infinito Estudio,36.0,57.27,44.51,"{""habilidades"": 0.0, ""experiencia"": 100.0, ""carrera"": 30.0, ""ubicacion"": 70.3, ""disponibilidad"": 50.2}",generado,2026-01-20 03:42:09
mariana.palomino98@gmail.com,Socialmood Agency,36.0,71.84,50.33,"{""habilidades"": 0.0, ""experiencia"": 100.0, ""carrera"": 30.0, ""ubicacion"": 48.7, ""disponibilidad"": 90.4}",generado,2026-01-13 03:42:09
gabriela.torres59@gmail.com,McKinsey Lima,100.0,72.27,88.91,"{""habilidades"": 100.0, ""experiencia"": 100.0, ""carrera"": 100.0, ""ubicacion"": 50.5, ""disponibilidad"": 69.2}",generado,2026-01-21 03:42:09
andrés.palomino31@gmail.com,Fábrica de Ideas SAC,6.0,71.95,32.38,"{""habilidades"": 0.0, ""experiencia"": 0.0, ""carrera"": 30.0, ""ubicacion"": 53.7, ""disponibilidad"": 100.0}",generado,2026-02-10 03:42:09
pedro.medina47@gmail.com,Datalab Lima,36.0,78.06,52.82,"{""habilidades"": 0.0, ""experiencia"": 100.0, ""carrera"": 30.0, ""ubicacion"": 72.1, ""disponibilidad"": 80.7}",generado,2026-01-13 03:42:09
mariana.palomino27@gmail.com,Brandlive Peru,36.0,54.53,43.41,"{""habilidades"": 0.0, ""experiencia"": 100.0, ""carrera"": 30.0, ""ubicacion"": 76.0, ""disponibilidad"": 61.8}",generado,2026-02-15 03:42:09
guillermo.salazar70@gmail.com,Linio Peru,50.0,79.57,61.83,"{""habilidades"": 0.0, ""experiencia"": 100.0, ""carrera"": 100.0, ""ubicacion"": 53.4, ""disponibilidad"": 62.6}",generado,2026-01-24 03:42:09
roberto.gómez52@gmail.com,Havas Media Peru,36.0,54.2,43.28,"{""habilidades"": 0.0, ""experiencia"": 100.0, ""carrera"": 30.0, ""ubicacion"": 73.1, ""disponibilidad"": 52.9}",generado,2026-02-10 03:42:09
bruno.ccallo34@gmail.com,Ransa Comercial,36.0,63.25,46.9,"{""habilidades"": 0.0, ""experiencia"": 100.0, ""carrera"": 30.0, ""ubicacion"": 96.4, ""disponibilidad"": 72.6}",generado,2026-02-21 03:42:09
ximena.lozano69@gmail.com,Entel Tech Peru,36.0,78.01,52.8,"{""habilidades"": 0.0, ""experiencia"": 100.0, ""carrera"": 30.0, ""ubicacion"": 54.5, ""disponibilidad"": 75.5}",generado,2026-01-09 03:42:09
beatriz.garcía7@gmail.com,GH Supply Peru,69.33,71.57,70.23,"{""habilidades"": 66.7, ""experiencia"": 100.0, ""carrera"": 30.0, ""ubicacion"": 78.2, ""disponibilidad"": 80.6}",generado,2026-02-15 03:42:09
isabel.lópez44@gmail.com,Evol Software,75.0,52.85,66.14,"{""habilidades"": 50.0, ""experiencia"": 100.0, ""carrera"": 100.0, ""ubicacion"": 68.6, ""disponibilidad"": 68.0}",generado,2026-02-21 03:42:09
diego.ruiz58@gmail.com,Falabella Peru Tech,52.67,85.61,65.85,"{""habilidades"": 33.3, ""experiencia"": 100.0, ""carrera"": 30.0, ""ubicacion"": 90.3, ""disponibilidad"": 72.4}",generado,2026-02-19 03:42:09
francisco.lozano70@gmail.com,Scotiabank Peru,36.0,62.89,46.76,"{""habilidades"": 0.0, ""experiencia"": 100.0, ""carrera"": 30.0, ""ubicacion"": 64.4, ""disponibilidad"": 70.1}",generado,2025-12-26 03:42:09
pedro.medina47@gmail.com,Creativa Estudio,87.5,72.91,81.66,"{""habilidades"": 75.0, ""experiencia"": 100.0, ""carrera"": 100.0, ""ubicacion"": 83.9, ""disponibilidad"": 60.3}",generado,2026-02-08 03:42:09
daniela.lozano47@gmail.com,Auna Digital,20.0,54.48,33.79,"{""habilidades"": 0.0, ""experiencia"": 0.0, ""carrera"": 100.0, ""ubicacion"": 42.5, ""disponibilidad"": 84.6}",generado,2026-01-01 03:42:09
miguel.díaz30@gmail.com,McKinsey Lima,36.0,54.58,43.43,"{""habilidades"": 0.0, ""experiencia"": 100.0, ""carrera"": 30.0, ""ubicacion"": 59.8, ""disponibilidad"": 86.2}",generado,2026-01-07 03:42:09
josé.carpio63@gmail.com,GH Supply Peru,36.0,72.46,50.59,"{""habilidades"": 0.0, ""experiencia"": 100.0, ""carrera"": 30.0, ""ubicacion"": 45.8, ""disponibilidad"": 51.2}",generado,2026-02-18 03:42:09
eduardo.ramírez83@gmail.com,BCP Tecnología,36.0,80.12,53.65,"{""habilidades"": 0.0, ""experiencia"": 100.0, ""carrera"": 30.0, ""ubicacion"": 89.2, ""disponibilidad"": 56.0}",generado,2026-01-26 03:42:09
pablo.hernández76@gmail.com,Renta4 Perú,36.0,52.37,42.55,"{""habilidades"": 0.0, ""experiencia"": 100.0, ""carrera"": 30.0, ""ubicacion"": 80.8, ""disponibilidad"": 54.2}",generado,2026-01-06 03:42:09
maría.romero7@gmail.com,EY Peru,86.0,52.02,72.41,"{""habilidades"": 100.0, ""experiencia"": 100.0, ""carrera"": 30.0, ""ubicacion"": 54.5, ""disponibilidad"": 80.2}",generado,2025-12-26 03:42:09
mariana.ccallo4@gmail.com,Konfío Peru,36.0,69.37,49.35,"{""habilidades"": 0.0, ""experiencia"": 100.0, ""carrera"": 30.0, ""ubicacion"": 60.2, ""disponibilidad"": 90.6}",generado,2026-01-24 03:42:09
andrea.mamani32@gmail.com,Pragma Tech Peru,52.67,84.7,65.48,"{""habilidades"": 33.3, ""experiencia"": 100.0, ""carrera"": 30.0, ""ubicacion"": 42.6, ""disponibilidad"": 75.8}",generado,2026-01-26 03:42:09
alejandro.romero93@gmail.com,GH Supply Peru,86.0,81.46,84.18,"{""habilidades"": 100.0, ""experiencia"": 100.0, ""carrera"": 30.0, ""ubicacion"": 85.3, ""disponibilidad"": 92.5}",generado,2026-01-06 03:42:09
roberto.gómez52@gmail.com,GH Supply Peru,36.0,81.06,54.02,"{""habilidades"": 0.0, ""experiencia"": 100.0, ""carrera"": 30.0, ""ubicacion"": 69.9, ""disponibilidad"": 69.1}",generado,2025-12-25 03:42:09
enrique.garcía86@gmail.com,Circus Grey Lima,36.0,57.51,44.6,"{""habilidades"": 0.0, ""experiencia"": 100.0, ""carrera"": 30.0, ""ubicacion"": 72.2, ""disponibilidad"": 97.2}",generado,2025-12-24 03:42:09
paula.pérez62@gmail.com,Predictiva Analytics,51.67,84.75,64.9,"{""habilidades"": 33.3, ""experiencia"": 50.0, ""carrera"": 100.0, ""ubicacion"": 51.1, ""disponibilidad"": 67.6}",generado,2025-12-27 03:42:09
claudia.medina72@gmail.com,DHL Supply Chain Peru,71.0,73.34,71.94,"{""habilidades"": 100.0, ""experiencia"": 50.0, ""carrera"": 30.0, ""ubicacion"": 64.3, ""disponibilidad"": 74.5}",generado,2026-02-17 03:42:09
laura.ramos61@gmail.com,Nubelo Solutions SAC,13.5,76.85,38.84,"{""habilidades"": 0.0, ""experiencia"": 25.0, ""carrera"": 30.0, ""ubicacion"": 62.4, ""disponibilidad"": 55.8}",generado,2026-02-04 03:42:09
alejandro.romero93@gmail.com,Pragma Tech Peru,52.67,81.81,64.32,"{""habilidades"": 33.3, ""experiencia"": 100.0, ""carrera"": 30.0, ""ubicacion"": 83.9, ""disponibilidad"": 77.4}",generado,2026-02-04 03:42:09
raúl.reyes81@gmail.com,Rimac Digital,6.0,65.72,29.89,"{""habilidades"": 0.0, ""experiencia"": 0.0, ""carrera"": 30.0, ""ubicacion"": 89.0, ""disponibilidad"": 87.2}",generado,2026-01-02 03:42:09
pedro.medina47@gmail.com,Nubelo Solutions SAC,21.0,73.52,42.01,"{""habilidades"": 0.0, ""experiencia"": 50.0, ""carrera"": 30.0, ""ubicacion"": 98.5, ""disponibilidad"": 50.3}",generado,2026-02-11 03:42:09
renato.mendoza26@gmail.com,Entel Tech Peru,50.0,92.15,66.86,"{""habilidades"": 0.0, ""experiencia"": 100.0, ""carrera"": 100.0, ""ubicacion"": 75.4, ""disponibilidad"": 84.9}",generado,2025-12-26 03:42:09
eduardo.ramírez83@gmail.com,Pragma Tech Peru,52.67,70.83,59.93,"{""habilidades"": 33.3, ""experiencia"": 100.0, ""carrera"": 30.0, ""ubicacion"": 48.6, ""disponibilidad"": 91.6}",generado,2026-01-13 03:42:09
patricia.castro36@gmail.com,Nubelo Solutions SAC,6.0,68.47,30.99,"{""habilidades"": 0.0, ""experiencia"": 0.0, ""carrera"": 30.0, ""ubicacion"": 51.1, ""disponibilidad"": 69.1}",generado,2026-02-15 03:42:09
natalia.mamani42@gmail.com,Entel Tech Peru,36.0,78.82,53.13,"{""habilidades"": 0.0, ""experiencia"": 100.0, ""carrera"": 30.0, ""ubicacion"": 89.0, ""disponibilidad"": 91.4}",generado,2025-12-29 03:42:09
mónica.ccallo17@gmail.com,EY Peru,86.0,66.05,78.02,"{""habilidades"": 100.0, ""experiencia"": 100.0, ""carrera"": 30.0, ""ubicacion"": 52.9, ""disponibilidad"": 75.8}",generado,2026-01-09 03:42:09
carolina.hernández17@gmail.com,Entel Tech Peru,75.0,68.89,72.56,"{""habilidades"": 50.0, ""experiencia"": 100.0, ""carrera"": 100.0, ""ubicacion"": 50.1, ""disponibilidad"": 82.0}",generado,2026-01-15 03:42:09
fernanda.castro58@gmail.com,McKinsey Lima,36.0,84.97,55.59,"{""habilidades"": 0.0, ""experiencia"": 100.0, ""carrera"": 30.0, ""ubicacion"": 85.7, ""disponibilidad"": 80.4}",generado,2026-02-14 03:42:09
juliana.fernández98@gmail.com,Deloitte Lima,36.0,60.78,45.91,"{""habilidades"": 0.0, ""experiencia"": 100.0, ""carrera"": 30.0, ""ubicacion"": 78.1, ""disponibilidad"": 89.8}",generado,2026-01-27 03:42:09
juliana.mamani54@gmail.com,Linio Peru,75.0,86.8,79.72,"{""habilidades"": 50.0, ""experiencia"": 100.0, ""carrera"": 100.0, ""ubicacion"": 46.2, ""disponibilidad"": 79.5}",generado,2026-02-11 03:42:09
josé.carpio63@gmail.com,Credicorp Capital,21.0,78.41,43.96,"{""habilidades"": 0.0, ""experiencia"": 50.0, ""carrera"": 30.0, ""ubicacion"": 86.9, ""disponibilidad"": 77.4}",generado,2026-02-10 03:42:09
sergio.condori44@gmail.com,Rimac Digital,21.0,78.55,44.02,"{""habilidades"": 0.0, ""experiencia"": 50.0, ""carrera"": 30.0, ""ubicacion"": 48.3, ""disponibilidad"": 95.6}",generado,2026-01-03 03:42:09
carolina.hernández17@gmail.com,Fábrica de Ideas SAC,36.0,56.16,44.07,"{""habilidades"": 0.0, ""experiencia"": 100.0, ""carrera"": 30.0, ""ubicacion"": 65.5, ""disponibilidad"": 72.6}",generado,2026-02-02 03:42:09
isabel.álvarez12@gmail.com,Wunderman Thompson PE,36.0,90.73,57.89,"{""habilidades"": 0.0, ""experiencia"": 100.0, ""carrera"": 30.0, ""ubicacion"": 77.2, ""disponibilidad"": 64.6}",generado,2025-12-25 03:42:09
sofía.vargas1@gmail.com,AI Andina SAC,36.0,86.29,56.12,"{""habilidades"": 0.0, ""experiencia"": 100.0, ""carrera"": 30.0, ""ubicacion"": 59.6, ""disponibilidad"": 95.6}",generado,2026-02-13 03:42:09
ana.apaza78@gmail.com,Credicorp Capital,45.0,50.73,47.29,"{""habilidades"": 50.0, ""experiencia"": 0.0, ""carrera"": 100.0, ""ubicacion"": 99.0, ""disponibilidad"": 89.4}",generado,2026-01-15 03:42:09
eduardo.ramírez83@gmail.com,KPMG Perú,61.0,75.45,66.78,"{""habilidades"": 50.0, ""experiencia"": 100.0, ""carrera"": 30.0, ""ubicacion"": 64.4, ""disponibilidad"": 94.4}",generado,2026-02-21 03:42:09
ximena.lozano69@gmail.com,DHL Supply Chain Peru,61.0,67.32,63.53,"{""habilidades"": 50.0, ""experiencia"": 100.0, ""carrera"": 30.0, ""ubicacion"": 46.5, ""disponibilidad"": 83.2}",generado,2026-02-05 03:42:09
pedro.medina47@gmail.com,EY Peru,36.0,65.8,47.92,"{""habilidades"": 0.0, ""experiencia"": 100.0, ""carrera"": 30.0, ""ubicacion"": 76.0, ""disponibilidad"": 65.8}",generado,2026-01-12 03:42:09
pedro.medina47@gmail.com,Brandlive Peru,65.0,56.05,61.42,"{""habilidades"": 60.0, ""experiencia"": 50.0, ""carrera"": 100.0, ""ubicacion"": 80.6, ""disponibilidad"": 88.2}",generado,2026-02-18 03:42:09
gabriela.ccallo77@gmail.com,McKinsey Lima,70.0,80.17,74.07,"{""habilidades"": 100.0, ""experiencia"": 0.0, ""carrera"": 100.0, ""ubicacion"": 69.5, ""disponibilidad"": 81.6}",generado,2026-01-13 03:42:09
isabel.lópez44@gmail.com,Pragma Tech Peru,66.67,86.47,74.59,"{""habilidades"": 33.3, ""experiencia"": 100.0, ""carrera"": 100.0, ""ubicacion"": 69.8, ""disponibilidad"": 77.2}",generado,2026-02-10 03:42:09
patricia.morales6@gmail.com,Datum Inteligencia,75.0,59.8,68.92,"{""habilidades"": 50.0, ""experiencia"": 100.0, ""carrera"": 100.0, ""ubicacion"": 70.5, ""disponibilidad"": 57.0}",generado,2026-01-24 03:42:09
andrés.palomino31@gmail.com,Aprende Institute,50.0,74.99,59.99,"{""habilidades"": 0.0, ""experiencia"": 100.0, ""carrera"": 100.0, ""ubicacion"": 65.9, ""disponibilidad"": 90.8}",generado,2026-02-08 03:42:09
sergio.salazar2@gmail.com,McCann Lima,36.0,64.73,47.49,"{""habilidades"": 0.0, ""experiencia"": 100.0, ""carrera"": 30.0, ""ubicacion"": 51.4, ""disponibilidad"": 71.6}",generado,2026-01-25 03:42:09
andrea.flores83@gmail.com,Infinito Estudio,36.0,81.77,54.31,"{""habilidades"": 0.0, ""experiencia"": 100.0, ""carrera"": 30.0, ""ubicacion"": 66.0, ""disponibilidad"": 97.0}",generado,2026-01-27 03:42:09
juliana.fernández98@gmail.com,Falabella Peru Tech,50.0,57.95,53.18,"{""habilidades"": 0.0, ""experiencia"": 100.0, ""carrera"": 100.0, ""ubicacion"": 84.6, ""disponibilidad"": 55.3}",generado,2026-02-09 03:42:09
pablo.hernández76@gmail.com,Predictiva Analytics,52.67,52.24,52.5,"{""habilidades"": 33.3, ""experiencia"": 100.0, ""carrera"": 30.0, ""ubicacion"": 51.4, ""disponibilidad"": 80.3}",generado,2026-01-15 03:42:09
luis.cruz66@gmail.com,Interbank Tech,21.0,72.28,41.51,"{""habilidades"": 0.0, ""experiencia"": 50.0, ""carrera"": 30.0, ""ubicacion"": 83.8, ""disponibilidad"": 61.9}",generado,2026-01-24 03:42:09
mónica.ccallo17@gmail.com,BCP Tecnología,36.0,59.46,45.38,"{""habilidades"": 0.0, ""experiencia"": 100.0, ""carrera"": 30.0, ""ubicacion"": 58.3, ""disponibilidad"": 61.6}",generado,2026-02-20 03:42:09
fiorella.romero64@gmail.com,Sanna Digital,36.0,52.42,42.57,"{""habilidades"": 0.0, ""experiencia"": 100.0, ""carrera"": 30.0, ""ubicacion"": 77.6, ""disponibilidad"": 81.3}",generado,2026-02-13 03:42:09
óscar.lópez16@gmail.com,AI Andina SAC,69.33,67.93,68.77,"{""habilidades"": 66.7, ""experiencia"": 100.0, ""carrera"": 30.0, ""ubicacion"": 51.6, ""disponibilidad"": 61.3}",generado,2026-01-30 03:42:09
pablo.hernández76@gmail.com,Scotiabank Peru,61.0,55.76,58.9,"{""habilidades"": 50.0, ""experiencia"": 100.0, ""carrera"": 30.0, ""ubicacion"": 46.2, ""disponibilidad"": 87.8}",generado,2026-01-30 03:42:09
enrique.mendoza10@gmail.com,Evol Software,6.0,68.35,30.94,"{""habilidades"": 0.0, ""experiencia"": 0.0, ""carrera"": 30.0, ""ubicacion"": 72.7, ""disponibilidad"": 98.6}",generado,2026-02-20 03:42:09
giancarlo.martínez86@gmail.com,Infinito Estudio,36.0,91.22,58.09,"{""habilidades"": 0.0, ""experiencia"": 100.0, ""carrera"": 30.0, ""ubicacion"": 72.5, ""disponibilidad"": 51.6}",generado,2026-01-29 03:42:09
fiorella.vargas34@gmail.com,Tribal DDB Peru,36.0,67.76,48.71,"{""habilidades"": 0.0, ""experiencia"": 100.0, ""carrera"": 30.0, ""ubicacion"": 78.7, ""disponibilidad"": 86.8}",generado,2026-01-05 03:42:09
sergio.condori46@gmail.com,Telemed Peru,21.0,90.13,48.65,"{""habilidades"": 0.0, ""experiencia"": 50.0, ""carrera"": 30.0, ""ubicacion"": 44.3, ""disponibilidad"": 89.7}",generado,2026-01-05 03:42:09
paula.pérez62@gmail.com,GH Supply Peru,36.0,61.05,46.02,"{""habilidades"": 0.0, ""experiencia"": 100.0, ""carrera"": 30.0, ""ubicacion"": 57.0, ""disponibilidad"": 69.5}",generado,2026-01-14 03:42:09
mariana.ccallo4@gmail.com,Scotiabank Peru,36.0,66.97,48.39,"{""habilidades"": 0.0, ""experiencia"": 100.0, ""carrera"": 30.0, ""ubicacion"": 80.6, ""disponibilidad"": 64.8}",generado,2026-02-17 03:42:09
francisco.quispe63@gmail.com,BCP Tecnología,36.0,75.49,51.8,"{""habilidades"": 0.0, ""experiencia"": 100.0, ""carrera"": 30.0, ""ubicacion"": 90.6, ""disponibilidad"": 93.0}",generado,2025-12-26 03:42:09
ximena.apaza41@gmail.com,Telemed Peru,22.67,74.33,43.33,"{""habilidades"": 33.3, ""experiencia"": 0.0, ""carrera"": 30.0, ""ubicacion"": 44.0, ""disponibilidad"": 86.6}",generado,2026-02-09 03:42:09
carolina.hernández17@gmail.com,Nubelo Solutions SAC,21.0,76.42,43.17,"{""habilidades"": 0.0, ""experiencia"": 50.0, ""carrera"": 30.0, ""ubicacion"": 85.8, ""disponibilidad"": 96.7}",generado,2026-02-20 03:42:09
alessandra.palomino72@gmail.com,Konfío Peru,61.0,91.42,73.17,"{""habilidades"": 50.0, ""experiencia"": 100.0, ""carrera"": 30.0, ""ubicacion"": 86.3, ""disponibilidad"": 52.3}",generado,2026-01-27 03:42:09
bruno.apaza53@gmail.com,Renta4 Perú,61.0,70.19,64.67,"{""habilidades"": 50.0, ""experiencia"": 100.0, ""carrera"": 30.0, ""ubicacion"": 99.4, ""disponibilidad"": 88.6}",generado,2026-01-08 03:42:09
fernanda.rivera57@gmail.com,Brandlive Peru,36.0,53.28,42.91,"{""habilidades"": 0.0, ""experiencia"": 100.0, ""carrera"": 30.0, ""ubicacion"": 61.2, ""disponibilidad"": 63.8}",generado,2026-02-15 03:42:09
sergio.vargas79@gmail.com,Sanna Digital,52.67,67.04,58.41,"{""habilidades"": 33.3, ""experiencia"": 100.0, ""carrera"": 30.0, ""ubicacion"": 89.7, ""disponibilidad"": 76.3}",generado,2026-02-02 03:42:09
carolina.hernández17@gmail.com,Rimac Digital,36.0,64.77,47.51,"{""habilidades"": 0.0, ""experiencia"": 100.0, ""carrera"": 30.0, ""ubicacion"": 40.6, ""disponibilidad"": 60.3}",generado,2026-01-26 03:42:09
andrés.palomino31@gmail.com,Telemed Peru,20.0,69.44,39.78,"{""habilidades"": 0.0, ""experiencia"": 0.0, ""carrera"": 100.0, ""ubicacion"": 56.5, ""disponibilidad"": 76.9}",generado,2026-01-04 03:42:09
beatriz.martínez86@gmail.com,Compartamos Financiera,75.0,82.57,78.03,"{""habilidades"": 50.0, ""experiencia"": 100.0, ""carrera"": 100.0, ""ubicacion"": 98.1, ""disponibilidad"": 77.3}",generado,2026-02-21 03:42:09
miguel.díaz30@gmail.com,Ransa Comercial,21.0,57.17,35.47,"{""habilidades"": 0.0, ""experiencia"": 50.0, ""carrera"": 30.0, ""ubicacion"": 65.8, ""disponibilidad"": 72.0}",generado,2025-12-29 03:42:09
francisco.paredes79@gmail.com,Predictiva Analytics,20.0,81.8,44.72,"{""habilidades"": 0.0, ""experiencia"": 0.0, ""carrera"": 100.0, ""ubicacion"": 94.4, ""disponibilidad"": 57.5}",generado,2026-01-13 03:42:09
pablo.hernández76@gmail.com,AI Andina SAC,52.67,88.96,67.18,"{""habilidades"": 33.3, ""experiencia"": 100.0, ""carrera"": 30.0, ""ubicacion"": 42.5, ""disponibilidad"": 67.7}",generado,2026-02-18 03:42:09
sergio.sánchez60@gmail.com,Pragma Tech Peru,52.67,77.61,62.64,"{""habilidades"": 33.3, ""experiencia"": 100.0, ""carrera"": 30.0, ""ubicacion"": 99.2, ""disponibilidad"": 66.3}",generado,2026-01-02 03:42:09
beatriz.lópez94@gmail.com,Auna Salud Digital,20.0,67.11,38.85,"{""habilidades"": 0.0, ""experiencia"": 0.0, ""carrera"": 100.0, ""ubicacion"": 76.0, ""disponibilidad"": 58.3}",generado,2026-02-05 03:42:09
gabriela.ccallo77@gmail.com,Crehana Business,18.5,77.15,41.96,"{""habilidades"": 25.0, ""experiencia"": 0.0, ""carrera"": 30.0, ""ubicacion"": 51.6, ""disponibilidad"": 87.8}",generado,2026-01-20 03:42:09
alessandra.palomino72@gmail.com,Laboratoria Lima,36.0,72.92,50.77,"{""habilidades"": 0.0, ""experiencia"": 100.0, ""carrera"": 30.0, ""ubicacion"": 84.5, ""disponibilidad"": 77.9}",generado,2026-01-20 03:42:09
isabel.lópez44@gmail.com,Ransa Comercial,48.5,78.0,60.3,"{""habilidades"": 25.0, ""experiencia"": 100.0, ""carrera"": 30.0, ""ubicacion"": 46.6, ""disponibilidad"": 75.3}",generado,2026-01-28 03:42:09
mariana.palomino27@gmail.com,Yape Developers,36.0,92.42,58.57,"{""habilidades"": 0.0, ""experiencia"": 100.0, ""carrera"": 30.0, ""ubicacion"": 84.5, ""disponibilidad"": 56.0}",generado,2026-02-21 03:42:09
miguel.díaz30@gmail.com,Datum Inteligencia,36.0,85.12,55.65,"{""habilidades"": 0.0, ""experiencia"": 100.0, ""carrera"": 30.0, ""ubicacion"": 96.0, ""disponibilidad"": 92.1}",generado,2026-02-20 03:42:09
ricardo.apaza77@gmail.com,AI Andina SAC,52.67,50.24,51.7,"{""habilidades"": 33.3, ""experiencia"": 100.0, ""carrera"": 30.0, ""ubicacion"": 50.8, ""disponibilidad"": 55.5}",generado,2026-01-03 03:42:09
francisco.lozano70@gmail.com,AI Andina SAC,36.0,75.4,51.76,"{""habilidades"": 0.0, ""experiencia"": 100.0, ""carrera"": 30.0, ""ubicacion"": 60.9, ""disponibilidad"": 99.6}",generado,2026-01-14 03:42:09
roberto.gómez52@gmail.com,InkaCode Labs,50.0,70.62,58.25,"{""habilidades"": 0.0, ""experiencia"": 100.0, ""carrera"": 100.0, ""ubicacion"": 45.5, ""disponibilidad"": 50.2}",generado,2026-01-12 03:42:09
diego.ccallo42@gmail.com,Havas Media Peru,87.5,70.13,80.55,"{""habilidades"": 75.0, ""experiencia"": 100.0, ""carrera"": 100.0, ""ubicacion"": 59.2, ""disponibilidad"": 84.4}",generado,2026-01-18 03:42:09
josé.carpio63@gmail.com,Datum Inteligencia,36.0,83.65,55.06,"{""habilidades"": 0.0, ""experiencia"": 100.0, ""carrera"": 30.0, ""ubicacion"": 83.9, ""disponibilidad"": 89.4}",generado,2026-02-03 03:42:09
juliana.mamani54@gmail.com,Creativa Estudio,36.0,67.11,48.44,"{""habilidades"": 0.0, ""experiencia"": 100.0, ""carrera"": 30.0, ""ubicacion"": 78.6, ""disponibilidad"": 63.3}",generado,2026-02-14 03:42:09
sergio.condori46@gmail.com,InkaCode Labs,36.0,53.37,42.95,"{""habilidades"": 0.0, ""experiencia"": 100.0, ""carrera"": 30.0, ""ubicacion"": 52.6, ""disponibilidad"": 60.9}",generado,2025-12-31 03:42:09
mónica.ccallo17@gmail.com,Aprende Institute,36.0,80.24,53.69,"{""habilidades"": 0.0, ""experiencia"": 100.0, ""carrera"": 30.0, ""ubicacion"": 73.2, ""disponibilidad"": 52.8}",generado,2026-01-31 03:42:09
giancarlo.martínez86@gmail.com,Falabella Peru Tech,52.67,56.33,54.13,"{""habilidades"": 33.3, ""experiencia"": 100.0, ""carrera"": 30.0, ""ubicacion"": 54.7, ""disponibilidad"": 72.5}",generado,2026-01-10 03:42:09
eduardo.ramírez83@gmail.com,Creativa Estudio,36.0,75.21,51.68,"{""habilidades"": 0.0, ""experiencia"": 100.0, ""carrera"": 30.0, ""ubicacion"": 46.4, ""disponibilidad"": 57.7}",generado,2026-01-31 03:42:09
fernanda.castro58@gmail.com,Ransa Comercial,36.0,68.72,49.09,"{""habilidades"": 0.0, ""experiencia"": 100.0, ""carrera"": 30.0, ""ubicacion"": 96.2, ""disponibilidad"": 92.9}",generado,2026-01-30 03:42:09
eduardo.jiménez32@gmail.com,Deloitte Lima,86.0,84.42,85.37,"{""habilidades"": 100.0, ""experiencia"": 100.0, ""carrera"": 30.0, ""ubicacion"": 63.8, ""disponibilidad"": 76.9}",generado,2026-01-15 03:42:09
francisco.lozano70@gmail.com,Adecco Peru,21.0,53.95,34.18,"{""habilidades"": 0.0, ""experiencia"": 50.0, ""carrera"": 30.0, ""ubicacion"": 95.6, ""disponibilidad"": 74.9}",generado,2026-02-16 03:42:09
fiorella.romero64@gmail.com,Adecco Peru,86.0,52.8,72.72,"{""habilidades"": 100.0, ""experiencia"": 100.0, ""carrera"": 30.0, ""ubicacion"": 55.1, ""disponibilidad"": 92.4}",generado,2026-01-13 03:42:09
andrea.flores83@gmail.com,GH Supply Peru,83.33,61.65,74.66,"{""habilidades"": 66.7, ""experiencia"": 100.0, ""carrera"": 100.0, ""ubicacion"": 66.7, ""disponibilidad"": 79.4}",generado,2025-12-28 03:42:09
pablo.hernández76@gmail.com,Sanna Digital,83.33,57.83,73.13,"{""habilidades"": 66.7, ""experiencia"": 100.0, ""carrera"": 100.0, ""ubicacion"": 44.4, ""disponibilidad"": 55.7}",generado,2026-01-24 03:42:09
eduardo.jiménez32@gmail.com,McKinsey Lima,86.0,53.92,73.17,"{""habilidades"": 100.0, ""experiencia"": 100.0, ""carrera"": 30.0, ""ubicacion"": 91.8, ""disponibilidad"": 62.3}",generado,2025-12-28 03:42:09
beatriz.garcía7@gmail.com,Manpower Peru,86.0,69.37,79.35,"{""habilidades"": 100.0, ""experiencia"": 100.0, ""carrera"": 30.0, ""ubicacion"": 83.0, ""disponibilidad"": 93.3}",generado,2026-02-17 03:42:09
francisco.paredes79@gmail.com,Datum Inteligencia,50.0,71.87,58.75,"{""habilidades"": 0.0, ""experiencia"": 100.0, ""carrera"": 100.0, ""ubicacion"": 75.6, ""disponibilidad"": 89.8}",generado,2026-01-07 03:42:09
isabel.cruz20@gmail.com,Yape Developers,36.0,76.29,52.12,"{""habilidades"": 0.0, ""experiencia"": 100.0, ""carrera"": 30.0, ""ubicacion"": 95.7, ""disponibilidad"": 61.5}",generado,2026-02-11 03:42:09
sergio.condori46@gmail.com,Sanna Digital,36.0,88.88,57.15,"{""habilidades"": 0.0, ""experiencia"": 100.0, ""carrera"": 30.0, ""ubicacion"": 55.8, ""disponibilidad"": 67.3}",generado,2025-12-29 03:42:09
sergio.salazar2@gmail.com,Pragma Tech Peru,36.0,91.07,58.03,"{""habilidades"": 0.0, ""experiencia"": 100.0, ""carrera"": 30.0, ""ubicacion"": 72.2, ""disponibilidad"": 64.9}",generado,2026-02-15 03:42:09
ana.apaza78@gmail.com,Manpower Peru,52.67,83.56,65.03,"{""habilidades"": 33.3, ""experiencia"": 100.0, ""carrera"": 30.0, ""ubicacion"": 83.1, ""disponibilidad"": 66.0}",generado,2026-02-08 03:42:09
patricia.castro36@gmail.com,Compartamos Financiera,56.0,87.15,68.46,"{""habilidades"": 100.0, ""experiencia"": 0.0, ""carrera"": 30.0, ""ubicacion"": 80.5, ""disponibilidad"": 99.3}",generado,2026-01-31 03:42:09
isabel.lópez44@gmail.com,Yape Developers,80.0,72.39,76.96,"{""habilidades"": 60.0, ""experiencia"": 100.0, ""carrera"": 100.0, ""ubicacion"": 76.7, ""disponibilidad"": 62.0}",generado,2026-01-08 03:42:09
ximena.lozano69@gmail.com,Datalab Lima,69.33,70.0,69.6,"{""habilidades"": 66.7, ""experiencia"": 100.0, ""carrera"": 30.0, ""ubicacion"": 73.6, ""disponibilidad"": 87.3}",generado,2026-02-11 03:42:09
miguel.díaz30@gmail.com,Renta4 Perú,36.0,70.02,49.61,"{""habilidades"": 0.0, ""experiencia"": 100.0, ""carrera"": 30.0, ""ubicacion"": 80.8, ""disponibilidad"": 96.5}",generado,2026-02-14 03:42:09
paula.pérez62@gmail.com,Aprende Institute,62.5,92.34,74.44,"{""habilidades"": 25.0, ""experiencia"": 100.0, ""carrera"": 100.0, ""ubicacion"": 75.4, ""disponibilidad"": 79.0}",generado,2026-02-04 03:42:09
claudia.mamani1@gmail.com,Manpower Peru,36.0,64.42,47.37,"{""habilidades"": 0.0, ""experiencia"": 100.0, ""carrera"": 30.0, ""ubicacion"": 47.5, ""disponibilidad"": 97.9}",generado,2026-01-22 03:42:09
sergio.vargas79@gmail.com,Telemed Peru,30.17,85.91,52.47,"{""habilidades"": 33.3, ""experiencia"": 25.0, ""carrera"": 30.0, ""ubicacion"": 75.2, ""disponibilidad"": 81.0}",generado,2026-01-14 03:42:09
ximena.apaza41@gmail.com,Laboratoria Lima,22.67,88.17,48.87,"{""habilidades"": 33.3, ""experiencia"": 0.0, ""carrera"": 30.0, ""ubicacion"": 98.7, ""disponibilidad"": 97.2}",generado,2026-01-22 03:42:09
fernanda.castro58@gmail.com,Nubelo Solutions SAC,36.0,69.57,49.43,"{""habilidades"": 0.0, ""experiencia"": 100.0, ""carrera"": 30.0, ""ubicacion"": 63.9, ""disponibilidad"": 84.5}",generado,2026-02-10 03:42:09
raúl.pérez91@gmail.com,InRetail Analytics,36.0,81.07,54.03,"{""habilidades"": 0.0, ""experiencia"": 100.0, ""carrera"": 30.0, ""ubicacion"": 85.3, ""disponibilidad"": 50.1}",generado,2026-01-14 03:42:09
fiorella.romero64@gmail.com,Compartamos Financiera,75.0,76.76,75.71,"{""habilidades"": 50.0, ""experiencia"": 100.0, ""carrera"": 100.0, ""ubicacion"": 79.4, ""disponibilidad"": 98.0}",generado,2026-01-24 03:42:09
juliana.fernández98@gmail.com,Evol Software,36.0,73.18,50.87,"{""habilidades"": 0.0, ""experiencia"": 100.0, ""carrera"": 30.0, ""ubicacion"": 41.7, ""disponibilidad"": 56.4}",generado,2026-02-15 03:42:09
beatriz.garcía7@gmail.com,Telemed Peru,21.0,63.51,38.0,"{""habilidades"": 0.0, ""experiencia"": 50.0, ""carrera"": 30.0, ""ubicacion"": 92.6, ""disponibilidad"": 58.6}",generado,2026-02-14 03:42:09
sergio.condori44@gmail.com,InkaCode Labs,36.0,73.32,50.93,"{""habilidades"": 0.0, ""experiencia"": 100.0, ""carrera"": 30.0, ""ubicacion"": 57.6, ""disponibilidad"": 63.6}",generado,2026-02-09 03:42:09
jorge.cruz13@gmail.com,Datum Inteligencia,36.0,89.45,57.38,"{""habilidades"": 0.0, ""experiencia"": 100.0, ""carrera"": 30.0, ""ubicacion"": 81.2, ""disponibilidad"": 62.7}",generado,2026-02-20 03:42:09
diego.ccallo42@gmail.com,Auna Salud Digital,36.0,77.89,52.76,"{""habilidades"": 0.0, ""experiencia"": 100.0, ""carrera"": 30.0, ""ubicacion"": 63.8, ""disponibilidad"": 80.5}",generado,2025-12-24 03:42:09
sergio.condori44@gmail.com,Compartamos Financiera,21.0,71.73,41.29,"{""habilidades"": 0.0, ""experiencia"": 50.0, ""carrera"": 30.0, ""ubicacion"": 48.6, ""disponibilidad"": 61.4}",generado,2026-01-12 03:42:09
carlos.lópez66@gmail.com,Aprende Institute,36.0,62.42,46.57,"{""habilidades"": 0.0, ""experiencia"": 100.0, ""carrera"": 30.0, ""ubicacion"": 76.1, ""disponibilidad"": 88.1}",generado,2026-01-29 03:42:09
miguel.díaz30@gmail.com,Crehana Business,21.0,73.89,42.16,"{""habilidades"": 0.0, ""experiencia"": 50.0, ""carrera"": 30.0, ""ubicacion"": 58.3, ""disponibilidad"": 92.0}",generado,2026-02-12 03:42:09
bruno.ccallo34@gmail.com,InkaCode Labs,36.0,86.36,56.15,"{""habilidades"": 0.0, ""experiencia"": 100.0, ""carrera"": 30.0, ""ubicacion"": 64.3, ""disponibilidad"": 88.6}",generado,2026-02-10 03:42:09
mónica.ccallo17@gmail.com,InkaCode Labs,36.0,82.12,54.45,"{""habilidades"": 0.0, ""experiencia"": 100.0, ""carrera"": 30.0, ""ubicacion"": 49.9, ""disponibilidad"": 71.3}",generado,2026-02-18 03:42:09
alessandra.palomino72@gmail.com,Auna Salud Digital,36.0,69.81,49.52,"{""habilidades"": 0.0, ""experiencia"": 100.0, ""carrera"": 30.0, ""ubicacion"": 42.7, ""disponibilidad"": 97.4}",generado,2026-02-10 03:42:09
andrea.mamani32@gmail.com,Sanna Digital,52.67,63.65,57.06,"{""habilidades"": 33.3, ""experiencia"": 100.0, ""carrera"": 30.0, ""ubicacion"": 48.2, ""disponibilidad"": 79.9}",generado,2025-12-29 03:42:09
sergio.vargas79@gmail.com,Manpower Peru,86.0,70.76,79.9,"{""habilidades"": 100.0, ""experiencia"": 100.0, ""carrera"": 30.0, ""ubicacion"": 73.0, ""disponibilidad"": 69.8}",generado,2026-01-09 03:42:09
guillermo.salazar70@gmail.com,Analytics Peru,36.0,82.68,54.67,"{""habilidades"": 0.0, ""experiencia"": 100.0, ""carrera"": 30.0, ""ubicacion"": 91.1, ""disponibilidad"": 63.9}",generado,2026-02-15 03:42:09
ximena.apaza41@gmail.com,InRetail Analytics,31.0,70.25,46.7,"{""habilidades"": 50.0, ""experiencia"": 0.0, ""carrera"": 30.0, ""ubicacion"": 71.3, ""disponibilidad"": 55.9}",generado,2026-01-09 03:42:09
fiorella.vargas34@gmail.com,Brandlive Peru,36.0,91.31,58.12,"{""habilidades"": 0.0, ""experiencia"": 100.0, ""carrera"": 30.0, ""ubicacion"": 82.6, ""disponibilidad"": 63.3}",generado,2026-01-17 03:42:09
fernanda.castro58@gmail.com,McCann Lima,66.67,66.85,66.74,"{""habilidades"": 33.3, ""experiencia"": 100.0, ""carrera"": 100.0, ""ubicacion"": 83.7, ""disponibilidad"": 51.6}",generado,2025-12-30 03:42:09
daniela.lozano47@gmail.com,Telemed Peru,36.67,56.96,44.78,"{""habilidades"": 33.3, ""experiencia"": 0.0, ""carrera"": 100.0, ""ubicacion"": 97.9, ""disponibilidad"": 55.7}",generado,2026-02-17 03:42:09
renato.mendoza26@gmail.com,Crehana Business,62.5,78.63,68.95,"{""habilidades"": 25.0, ""experiencia"": 100.0, ""carrera"": 100.0, ""ubicacion"": 70.4, ""disponibilidad"": 64.7}",generado,2026-01-20 03:42:09
fiorella.vargas34@gmail.com,Socialmood Agency,36.0,64.44,47.38,"{""habilidades"": 0.0, ""experiencia"": 100.0, ""carrera"": 30.0, ""ubicacion"": 47.9, ""disponibilidad"": 97.9}",generado,2026-01-12 03:42:09
carlos.lópez28@gmail.com,Circus Grey Lima,36.0,86.2,56.08,"{""habilidades"": 0.0, ""experiencia"": 100.0, ""carrera"": 30.0, ""ubicacion"": 98.0, ""disponibilidad"": 94.9}",generado,2026-01-19 03:42:09
josé.carpio63@gmail.com,Telemed Peru,21.0,87.13,47.45,"{""habilidades"": 0.0, ""experiencia"": 50.0, ""carrera"": 30.0, ""ubicacion"": 41.1, ""disponibilidad"": 54.2}",generado,2026-02-16 03:42:09
josé.carpio63@gmail.com,Socialmood Agency,75.0,51.55,65.62,"{""habilidades"": 80.0, ""experiencia"": 50.0, ""carrera"": 100.0, ""ubicacion"": 86.4, ""disponibilidad"": 80.2}",generado,2026-01-26 03:42:09
mónica.ccallo17@gmail.com,Syscom Peru SAC,36.0,60.94,45.98,"{""habilidades"": 0.0, ""experiencia"": 100.0, ""carrera"": 30.0, ""ubicacion"": 61.4, ""disponibilidad"": 96.7}",generado,2026-01-20 03:42:09
ximena.ramos1@gmail.com,Brandlive Peru,36.0,58.37,44.95,"{""habilidades"": 0.0, ""experiencia"": 100.0, ""carrera"": 30.0, ""ubicacion"": 88.0, ""disponibilidad"": 78.0}",generado,2026-02-16 03:42:09
claudia.jiménez11@gmail.com,Syscom Peru SAC,18.5,75.5,41.3,"{""habilidades"": 25.0, ""experiencia"": 0.0, ""carrera"": 30.0, ""ubicacion"": 80.2, ""disponibilidad"": 54.0}",generado,2026-02-03 03:42:09
roberto.gómez52@gmail.com,Datum Inteligencia,36.0,82.55,54.62,"{""habilidades"": 0.0, ""experiencia"": 100.0, ""carrera"": 30.0, ""ubicacion"": 71.8, ""disponibilidad"": 67.9}",generado,2026-01-06 03:42:09
claudia.jiménez11@gmail.com,Havas Media Peru,36.0,59.51,45.4,"{""habilidades"": 0.0, ""experiencia"": 100.0, ""carrera"": 30.0, ""ubicacion"": 69.3, ""disponibilidad"": 59.7}",generado,2026-01-27 03:42:09
manuel.pérez62@gmail.com,AI Andina SAC,83.33,52.67,71.07,"{""habilidades"": 66.7, ""experiencia"": 100.0, ""carrera"": 100.0, ""ubicacion"": 84.5, ""disponibilidad"": 68.9}",generado,2026-02-10 03:42:09
bruno.apaza53@gmail.com,Yape Developers,6.0,75.83,33.93,"{""habilidades"": 0.0, ""experiencia"": 0.0, ""carrera"": 30.0, ""ubicacion"": 48.2, ""disponibilidad"": 73.3}",generado,2026-01-22 03:42:09
elena.huanca71@gmail.com,Tribal DDB Peru,36.0,59.53,45.41,"{""habilidades"": 0.0, ""experiencia"": 100.0, ""carrera"": 30.0, ""ubicacion"": 93.0, ""disponibilidad"": 71.9}",generado,2026-01-22 03:42:09
guillermo.salazar70@gmail.com,Datalab Lima,36.0,94.46,59.38,"{""habilidades"": 0.0, ""experiencia"": 100.0, ""carrera"": 30.0, ""ubicacion"": 51.6, ""disponibilidad"": 65.7}",generado,2026-02-13 03:42:09
claudia.jiménez11@gmail.com,KPMG Perú,86.0,76.58,82.23,"{""habilidades"": 100.0, ""experiencia"": 100.0, ""carrera"": 30.0, ""ubicacion"": 56.5, ""disponibilidad"": 50.1}",generado,2026-02-21 03:42:09
ximena.ramos1@gmail.com,McCann Lima,36.0,59.8,45.52,"{""habilidades"": 0.0, ""experiencia"": 100.0, ""carrera"": 30.0, ""ubicacion"": 66.7, ""disponibilidad"": 72.5}",generado,2026-02-12 03:42:09
fernanda.romero85@gmail.com,Predictiva Analytics,66.67,89.6,75.84,"{""habilidades"": 33.3, ""experiencia"": 100.0, ""carrera"": 100.0, ""ubicacion"": 95.8, ""disponibilidad"": 88.7}",generado,2026-02-01 03:42:09
claudia.villanueva84@gmail.com,Analytics Peru,36.0,93.5,59.0,"{""habilidades"": 0.0, ""experiencia"": 100.0, ""carrera"": 30.0, ""ubicacion"": 90.9, ""disponibilidad"": 80.2}",generado,2026-01-24 03:42:09
giancarlo.martínez86@gmail.com,Auna Digital,36.0,50.7,41.88,"{""habilidades"": 0.0, ""experiencia"": 100.0, ""carrera"": 30.0, ""ubicacion"": 85.2, ""disponibilidad"": 95.0}",generado,2026-01-05 03:42:09
juan.álvarez85@gmail.com,BCP Tecnología,36.0,70.89,49.96,"{""habilidades"": 0.0, ""experiencia"": 100.0, ""carrera"": 30.0, ""ubicacion"": 60.0, ""disponibilidad"": 79.3}",generado,2026-02-09 03:42:09
carlos.aguilar72@gmail.com,Auna Salud Digital,6.0,74.3,33.32,"{""habilidades"": 0.0, ""experiencia"": 0.0, ""carrera"": 30.0, ""ubicacion"": 87.2, ""disponibilidad"": 68.7}",generado,2026-02-14 03:42:09
renato.mendoza26@gmail.com,Auna Digital,50.0,82.02,62.81,"{""habilidades"": 0.0, ""experiencia"": 100.0, ""carrera"": 100.0, ""ubicacion"": 51.3, ""disponibilidad"": 51.2}",generado,2026-02-05 03:42:09
laura.vargas4@gmail.com,Scotiabank Peru,100.0,89.78,95.91,"{""habilidades"": 100.0, ""experiencia"": 100.0, ""carrera"": 100.0, ""ubicacion"": 83.1, ""disponibilidad"": 82.0}",generado,2025-12-27 03:42:09
mariana.ccallo4@gmail.com,Analytics Peru,36.0,87.41,56.57,"{""habilidades"": 0.0, ""experiencia"": 100.0, ""carrera"": 30.0, ""ubicacion"": 40.7, ""disponibilidad"": 71.3}",generado,2026-01-16 03:42:09
sergio.condori44@gmail.com,Konfío Peru,36.0,59.24,45.3,"{""habilidades"": 0.0, ""experiencia"": 100.0, ""carrera"": 30.0, ""ubicacion"": 82.5, ""disponibilidad"": 58.9}",generado,2026-01-03 03:42:09
roberto.ccallo21@gmail.com,Compartamos Financiera,86.0,93.02,88.81,"{""habilidades"": 100.0, ""experiencia"": 100.0, ""carrera"": 30.0, ""ubicacion"": 68.5, ""disponibilidad"": 55.8}",generado,2025-12-30 03:42:09
natalia.mamani42@gmail.com,KPMG Perú,75.0,77.65,76.06,"{""habilidades"": 50.0, ""experiencia"": 100.0, ""carrera"": 100.0, ""ubicacion"": 81.1, ""disponibilidad"": 81.9}",generado,2026-01-31 03:42:09
roberto.ramírez65@gmail.com,Auna Digital,36.0,87.09,56.44,"{""habilidades"": 0.0, ""experiencia"": 100.0, ""carrera"": 30.0, ""ubicacion"": 93.1, ""disponibilidad"": 55.0}",generado,2026-02-07 03:42:09
renato.romero89@gmail.com,Credicorp Capital,6.0,71.64,32.25,"{""habilidades"": 0.0, ""experiencia"": 0.0, ""carrera"": 30.0, ""ubicacion"": 63.3, ""disponibilidad"": 90.0}",generado,2026-01-24 03:42:09
juliana.fernández98@gmail.com,Konfío Peru,36.0,82.3,54.52,"{""habilidades"": 0.0, ""experiencia"": 100.0, ""carrera"": 30.0, ""ubicacion"": 91.3, ""disponibilidad"": 75.9}",generado,2026-01-01 03:42:09
patricia.vargas80@gmail.com,Syscom Peru SAC,6.0,55.32,25.73,"{""habilidades"": 0.0, ""experiencia"": 0.0, ""carrera"": 30.0, ""ubicacion"": 48.5, ""disponibilidad"": 55.3}",generado,2026-01-30 03:42:09
sergio.condori44@gmail.com,Linio Peru,21.0,68.42,39.97,"{""habilidades"": 0.0, ""experiencia"": 50.0, ""carrera"": 30.0, ""ubicacion"": 80.4, ""disponibilidad"": 81.3}",generado,2026-01-19 03:42:09
bruno.ccallo34@gmail.com,Linio Peru,48.5,83.37,62.45,"{""habilidades"": 25.0, ""experiencia"": 100.0, ""carrera"": 30.0, ""ubicacion"": 54.0, ""disponibilidad"": 72.4}",generado,2026-02-11 03:42:09
renzo.villanueva86@gmail.com,EY Peru,52.67,85.58,65.83,"{""habilidades"": 33.3, ""experiencia"": 100.0, ""carrera"": 30.0, ""ubicacion"": 75.4, ""disponibilidad"": 80.5}",generado,2026-02-03 03:42:09
daniela.lozano47@gmail.com,Auna Salud Digital,45.0,72.01,55.8,"{""habilidades"": 50.0, ""experiencia"": 0.0, ""carrera"": 100.0, ""ubicacion"": 61.4, ""disponibilidad"": 89.6}",generado,2026-01-24 03:42:09
fernanda.castro58@gmail.com,Tribal DDB Peru,70.0,62.96,67.18,"{""habilidades"": 40.0, ""experiencia"": 100.0, ""carrera"": 100.0, ""ubicacion"": 57.3, ""disponibilidad"": 73.2}",generado,2026-02-08 03:42:09
claudia.jiménez11@gmail.com,InkaCode Labs,36.0,55.25,43.7,"{""habilidades"": 0.0, ""experiencia"": 100.0, ""carrera"": 30.0, ""ubicacion"": 69.3, ""disponibilidad"": 91.6}",generado,2026-01-10 03:42:09
raúl.ccallo2@gmail.com,Auna Digital,6.0,63.36,28.95,"{""habilidades"": 0.0, ""experiencia"": 0.0, ""carrera"": 30.0, ""ubicacion"": 78.7, ""disponibilidad"": 63.3}",generado,2026-01-08 03:42:09
sergio.quispe43@gmail.com,Rimac Digital,75.0,65.14,71.06,"{""habilidades"": 50.0, ""experiencia"": 100.0, ""carrera"": 100.0, ""ubicacion"": 72.9, ""disponibilidad"": 52.2}",generado,2026-01-29 03:42:09
ximena.apaza41@gmail.com,Datum Inteligencia,61.0,65.15,62.66,"{""habilidades"": 50.0, ""experiencia"": 100.0, ""carrera"": 30.0, ""ubicacion"": 71.4, ""disponibilidad"": 81.5}",generado,2026-01-17 03:42:09
miguel.díaz30@gmail.com,KPMG Perú,36.0,73.21,50.88,"{""habilidades"": 0.0, ""experiencia"": 100.0, ""carrera"": 30.0, ""ubicacion"": 77.1, ""disponibilidad"": 91.6}",generado,2026-01-20 03:42:09
eduardo.ramírez83@gmail.com,Infinito Estudio,36.0,58.79,45.12,"{""habilidades"": 0.0, ""experiencia"": 100.0, ""carrera"": 30.0, ""ubicacion"": 75.2, ""disponibilidad"": 82.3}",generado,2026-01-20 03:42:09
fernanda.castro58@gmail.com,Renta4 Perú,36.0,91.59,58.23,"{""habilidades"": 0.0, ""experiencia"": 100.0, ""carrera"": 30.0, ""ubicacion"": 76.8, ""disponibilidad"": 83.2}",generado,2026-01-21 03:42:09
alessandra.ccallo91@gmail.com,Auna Salud Digital,20.0,75.4,42.16,"{""habilidades"": 0.0, ""experiencia"": 0.0, ""carrera"": 100.0, ""ubicacion"": 73.2, ""disponibilidad"": 80.8}",generado,2025-12-28 03:42:09
raúl.reyes81@gmail.com,EY Peru,86.0,50.45,71.78,"{""habilidades"": 100.0, ""experiencia"": 100.0, ""carrera"": 30.0, ""ubicacion"": 69.4, ""disponibilidad"": 59.6}",generado,2026-02-01 03:42:09
andrés.palomino31@gmail.com,Pragma Tech Peru,66.67,74.4,69.76,"{""habilidades"": 33.3, ""experiencia"": 100.0, ""carrera"": 100.0, ""ubicacion"": 50.7, ""disponibilidad"": 71.9}",generado,2026-02-03 03:42:09
andrés.palomino31@gmail.com,Analytics Peru,36.0,69.29,49.32,"{""habilidades"": 0.0, ""experiencia"": 100.0, ""carrera"": 30.0, ""ubicacion"": 84.6, ""disponibilidad"": 73.6}",generado,2026-01-15 03:42:09
patricia.morales6@gmail.com,Ripley Digital,61.0,52.97,57.79,"{""habilidades"": 50.0, ""experiencia"": 100.0, ""carrera"": 30.0, ""ubicacion"": 47.4, ""disponibilidad"": 54.9}",generado,2026-02-03 03:42:09
laura.ramos61@gmail.com,Sanna Digital,36.0,94.2,59.28,"{""habilidades"": 0.0, ""experiencia"": 100.0, ""carrera"": 30.0, ""ubicacion"": 95.2, ""disponibilidad"": 59.8}",generado,2026-01-08 03:42:09
giancarlo.martínez86@gmail.com,Havas Media Peru,36.0,74.66,51.46,"{""habilidades"": 0.0, ""experiencia"": 100.0, ""carrera"": 30.0, ""ubicacion"": 77.5, ""disponibilidad"": 63.2}",generado,2026-02-15 03:42:09
raúl.reyes81@gmail.com,Syscom Peru SAC,18.5,79.71,42.98,"{""habilidades"": 25.0, ""experiencia"": 0.0, ""carrera"": 30.0, ""ubicacion"": 75.0, ""disponibilidad"": 98.1}",generado,2026-01-17 03:42:09
juliana.mamani54@gmail.com,Pragma Tech Peru,52.67,50.98,51.99,"{""habilidades"": 33.3, ""experiencia"": 100.0, ""carrera"": 30.0, ""ubicacion"": 80.2, ""disponibilidad"": 54.2}",generado,2025-12-28 03:42:09
raúl.ccallo2@gmail.com,Brandlive Peru,70.0,66.62,68.65,"{""habilidades"": 100.0, ""experiencia"": 0.0, ""carrera"": 100.0, ""ubicacion"": 95.7, ""disponibilidad"": 84.7}",generado,2026-02-13 03:42:09
pablo.hernández76@gmail.com,Infinito Estudio,36.0,53.01,42.81,"{""habilidades"": 0.0, ""experiencia"": 100.0, ""carrera"": 30.0, ""ubicacion"": 96.9, ""disponibilidad"": 80.2}",generado,2026-01-04 03:42:09
ximena.lozano69@gmail.com,GH Supply Peru,86.0,53.53,73.01,"{""habilidades"": 100.0, ""experiencia"": 100.0, ""carrera"": 30.0, ""ubicacion"": 63.4, ""disponibilidad"": 72.7}",generado,2026-01-27 03:42:09
enrique.mendoza10@gmail.com,Infinito Estudio,6.0,51.05,24.02,"{""habilidades"": 0.0, ""experiencia"": 0.0, ""carrera"": 30.0, ""ubicacion"": 69.8, ""disponibilidad"": 97.1}",generado,2026-01-21 03:42:09
patricia.morales6@gmail.com,Entel Tech Peru,61.0,88.82,72.13,"{""habilidades"": 50.0, ""experiencia"": 100.0, ""carrera"": 30.0, ""ubicacion"": 48.8, ""disponibilidad"": 84.3}",generado,2026-02-17 03:42:09
isabel.cruz20@gmail.com,Manpower Peru,86.0,78.35,82.94,"{""habilidades"": 100.0, ""experiencia"": 100.0, ""carrera"": 30.0, ""ubicacion"": 78.1, ""disponibilidad"": 52.6}",generado,2025-12-27 03:42:09
beatriz.garcía7@gmail.com,Evol Software,36.0,53.48,42.99,"{""habilidades"": 0.0, ""experiencia"": 100.0, ""carrera"": 30.0, ""ubicacion"": 93.7, ""disponibilidad"": 77.0}",generado,2026-01-10 03:42:09
giancarlo.martínez86@gmail.com,Manpower Peru,86.0,87.9,86.76,"{""habilidades"": 100.0, ""experiencia"": 100.0, ""carrera"": 30.0, ""ubicacion"": 40.8, ""disponibilidad"": 81.6}",generado,2025-12-30 03:42:09
